<?xml version="1.0" encoding="UTF-8"?>
<project-private xmlns="http://www.netbeans.org/ns/project-private/1">
    <editor-bookmarks xmlns="http://www.netbeans.org/ns/editor-bookmarks/2" lastBookmarkId="0"/>
    <open-files xmlns="http://www.netbeans.org/ns/projectui-open-files/2">
        <group>
            <file>file:/D:/Netbeans/Netbeans/Works/JavaApplication1/src/SecondYear/Practice.java</file>
            <file>file:/D:/Netbeans/Netbeans/Works/JavaApplication1/src/SecondYear/FirstSem.java</file>
            <file>file:/D:/Netbeans/Netbeans/Works/JavaApplication1/src/HDSFBSDKF.java</file>
            <file>file:/D:/Netbeans/Netbeans/Works/JavaApplication1/src/SecondYear/Act2B_Abad_NW2B.java</file>
            <file>file:/D:/Netbeans/Netbeans/Works/JavaApplication1/src/SecondYear/Activity4B_NW2B_Abad.java</file>
            <file>file:/D:/Netbeans/Netbeans/Works/JavaApplication1/src/SecondYear/Act3_MyFib_Abad_NW2B.java</file>
            <file>file:/D:/Netbeans/Netbeans/Works/JavaApplication1/src/javaapplication1/Calcu.java</file>
        </group>
    </open-files>
</project-private>
